date,day,month,altitude,depth,probability
01.jan,1,1,50,6.19,0.310344828
01.jan,1,1,150,10.79473684,0.517241379
01.jan,1,1,250,16.93411765,0.793103448
01.jan,1,1,350,27.86272727,0.931034483
01.jan,1,1,450,30.42419355,0.931034483
01.jan,1,1,550,33.76666667,0.931034483
02.jan,2,1,50,6.082,0.310344828
02.jan,2,1,150,11.3518797,0.517241379
02.jan,2,1,250,18.71647059,0.793103448
02.jan,2,1,350,30.71636364,0.931034483
02.jan,2,1,450,35.12741935,0.931034483
02.jan,2,1,550,35.66666667,0.931034483
03.jan,3,1,50,5.996,0.310344828
03.jan,3,1,150,11.91203008,0.551724138
03.jan,3,1,250,18.43764706,0.793103448
03.jan,3,1,350,29.05727273,0.896551724
03.jan,3,1,450,33.51129032,0.931034483
03.jan,3,1,550,34.76666667,0.931034483
04.jan,4,1,50,4.892,0.310344828
04.jan,4,1,150,11.00902256,0.517241379
04.jan,4,1,250,18.11058824,0.793103448
04.jan,4,1,350,28.46181818,0.896551724
04.jan,4,1,450,33.20645161,0.896551724
04.jan,4,1,550,38.03333333,0.931034483
05.jan,5,1,50,5.564,0.344827586
05.jan,5,1,150,11.00451128,0.551724138
05.jan,5,1,250,17.73882353,0.793103448
05.jan,5,1,350,29.14090909,0.896551724
05.jan,5,1,450,33.90322581,0.896551724
05.jan,5,1,550,38.16666667,0.931034483
06.jan,6,1,50,7.54,0.275862069
06.jan,6,1,150,12.97669173,0.551724138
06.jan,6,1,250,19.99058824,0.862068966
06.jan,6,1,350,33.39090909,0.896551724
06.jan,6,1,450,36.73548387,0.896551724
06.jan,6,1,550,37.68333333,0.931034483
07.jan,7,1,50,6.872,0.310344828
07.jan,7,1,150,12.9481203,0.620689655
07.jan,7,1,250,20.07176471,0.827586207
07.jan,7,1,350,35.13272727,0.896551724
07.jan,7,1,450,40.93064516,0.931034483
07.jan,7,1,550,44.06666667,0.931034483
08.jan,8,1,50,7.164,0.379310345
08.jan,8,1,150,12.8075188,0.655172414
08.jan,8,1,250,22.55058824,0.827586207
08.jan,8,1,350,36.46636364,0.931034483
08.jan,8,1,450,39.4016129,0.965517241
08.jan,8,1,550,43.83333333,1
09.jan,9,1,50,7.808,0.413793103
09.jan,9,1,150,12.87293233,0.620689655
09.jan,9,1,250,22.07411765,0.793103448
09.jan,9,1,350,35.51636364,0.931034483
09.jan,9,1,450,38.59516129,0.965517241
09.jan,9,1,550,43.58333333,0.965517241
10.jan,10,1,50,7.734,0.344827586
10.jan,10,1,150,12.6406015,0.620689655
10.jan,10,1,250,21.61882353,0.793103448
10.jan,10,1,350,35.46181818,0.931034483
10.jan,10,1,450,38.72580645,0.965517241
10.jan,10,1,550,43.18333333,0.965517241
11.jan,11,1,50,5.952,0.344827586
11.jan,11,1,150,12.3406015,0.551724138
11.jan,11,1,250,19.01529412,0.793103448
11.jan,11,1,350,36.17454545,0.931034483
11.jan,11,1,450,38.35645161,0.965517241
11.jan,11,1,550,43.08333333,0.965517241
12.jan,12,1,50,5.312,0.379310345
12.jan,12,1,150,12.1518797,0.551724138
12.jan,12,1,250,21.15411765,0.793103448
12.jan,12,1,350,37.70636364,0.931034483
12.jan,12,1,450,40.17419355,0.931034483
12.jan,12,1,550,44.28333333,0.965517241
13.jan,13,1,50,6.394,0.379310345
13.jan,13,1,150,12.71654135,0.586206897
13.jan,13,1,250,22.15294118,0.75862069
13.jan,13,1,350,38.90454545,0.931034483
13.jan,13,1,450,41.61774194,0.931034483
13.jan,13,1,550,45.06666667,0.965517241
14.jan,14,1,50,5.112,0.413793103
14.jan,14,1,150,12.54285714,0.586206897
14.jan,14,1,250,24.45294118,0.724137931
14.jan,14,1,350,39.67636364,0.965517241
14.jan,14,1,450,47.72258065,0.965517241
14.jan,14,1,550,51.1,1
15.jan,15,1,50,5.02,0.310344828
15.jan,15,1,150,12.37819549,0.551724138
15.jan,15,1,250,20.26941176,0.689655172
15.jan,15,1,350,38.33181818,0.965517241
15.jan,15,1,450,46.75322581,0.965517241
15.jan,15,1,550,49.33333333,1
16.jan,16,1,50,1.83,0.310344828
16.jan,16,1,150,10.45714286,0.517241379
16.jan,16,1,250,19.49647059,0.689655172
16.jan,16,1,350,37.65363636,0.931034483
16.jan,16,1,450,45.48870968,0.965517241
16.jan,16,1,550,47.91666667,1
17.jan,17,1,50,1.882,0.344827586
17.jan,17,1,150,10.41654135,0.517241379
17.jan,17,1,250,19.30588235,0.655172414
17.jan,17,1,350,37.32181818,0.896551724
17.jan,17,1,450,44.82258065,0.965517241
17.jan,17,1,550,47.35,1
18.jan,18,1,50,4.034,0.344827586
18.jan,18,1,150,10.20676692,0.517241379
18.jan,18,1,250,19.10235294,0.689655172
18.jan,18,1,350,38.09818182,0.896551724
18.jan,18,1,450,43.20645161,0.965517241
18.jan,18,1,550,46.11666667,1
19.jan,19,1,50,5.338,0.379310345
19.jan,19,1,150,12.27067669,0.551724138
19.jan,19,1,250,22.3,0.724137931
19.jan,19,1,350,39.12090909,0.965517241
19.jan,19,1,450,41.98064516,1
19.jan,19,1,550,45.1,1
20.jan,20,1,50,7.69,0.379310345
20.jan,20,1,150,15.44135338,0.586206897
20.jan,20,1,250,25.65647059,0.724137931
20.jan,20,1,350,46.78181818,0.931034483
20.jan,20,1,450,49.75967742,0.965517241
20.jan,20,1,550,51.11666667,1
21.jan,21,1,50,6.308,0.482758621
21.jan,21,1,150,17.31729323,0.586206897
21.jan,21,1,250,27.13176471,0.793103448
21.jan,21,1,350,47.54363636,0.931034483
21.jan,21,1,450,51.26774194,0.965517241
21.jan,21,1,550,53.15,1
22.jan,22,1,50,5.904,0.413793103
22.jan,22,1,150,14.46917293,0.586206897
22.jan,22,1,250,25.78941176,0.793103448
22.jan,22,1,350,46.83181818,0.931034483
22.jan,22,1,450,50.79032258,0.965517241
22.jan,22,1,550,52.71666667,1
23.jan,23,1,50,7.544,0.448275862
23.jan,23,1,150,15.46917293,0.655172414
23.jan,23,1,250,25.74823529,0.793103448
23.jan,23,1,350,47.42090909,0.931034483
23.jan,23,1,450,52.76451613,0.965517241
23.jan,23,1,550,54.1,1
24.jan,24,1,50,9.232,0.482758621
24.jan,24,1,150,15.65639098,0.689655172
24.jan,24,1,250,28.40470588,0.793103448
24.jan,24,1,350,48.26454545,0.931034483
24.jan,24,1,450,55.37741935,0.965517241
24.jan,24,1,550,56.41666667,1
25.jan,25,1,50,8.908,0.448275862
25.jan,25,1,150,17.07744361,0.75862069
25.jan,25,1,250,29.79294118,0.793103448
25.jan,25,1,350,51.49909091,0.931034483
25.jan,25,1,450,55.55,0.965517241
25.jan,25,1,550,56.83333333,1
26.jan,26,1,50,6.602,0.448275862
26.jan,26,1,150,16.52030075,0.689655172
26.jan,26,1,250,28.75058824,0.827586207
26.jan,26,1,350,51.56727273,0.931034483
26.jan,26,1,450,55.72741935,0.965517241
26.jan,26,1,550,56.13333333,1
27.jan,27,1,50,9.488,0.482758621
27.jan,27,1,150,15.60676692,0.689655172
27.jan,27,1,250,27.48588235,0.827586207
27.jan,27,1,350,50.09272727,0.931034483
27.jan,27,1,450,56.55806452,0.965517241
27.jan,27,1,550,56.48333333,1
28.jan,28,1,50,9.398,0.482758621
28.jan,28,1,150,15.25263158,0.689655172
28.jan,28,1,250,27.78,0.827586207
28.jan,28,1,350,49.56,0.931034483
28.jan,28,1,450,57.05,0.931034483
28.jan,28,1,550,56.95,0.965517241
29.jan,29,1,50,9.3,0.482758621
29.jan,29,1,150,16.58947368,0.724137931
29.jan,29,1,250,28.01529412,0.862068966
29.jan,29,1,350,50.04727273,0.931034483
29.jan,29,1,450,55.54032258,0.931034483
29.jan,29,1,550,58.01666667,0.965517241
30.jan,30,1,50,9.214,0.482758621
30.jan,30,1,150,16.11278195,0.724137931
30.jan,30,1,250,28.59529412,0.827586207
30.jan,30,1,350,50.29545455,0.931034483
30.jan,30,1,450,56.67580645,0.931034483
30.jan,30,1,550,58.31666667,0.965517241
31.jan,31,1,50,11.934,0.517241379
31.jan,31,1,150,18.49774436,0.724137931
31.jan,31,1,250,28.81294118,0.827586207
31.jan,31,1,350,50.97,0.931034483
31.jan,31,1,450,57.69516129,0.931034483
31.jan,31,1,550,62.63333333,0.965517241
01.feb,1,2,50,11.222,0.586206897
01.feb,1,2,150,17.59774436,0.655172414
01.feb,1,2,250,28.93294118,0.827586207
01.feb,1,2,350,49.51818182,0.931034483
01.feb,1,2,450,56.02741935,0.931034483
01.feb,1,2,550,60.4,0.965517241
02.feb,2,2,50,11.492,0.586206897
02.feb,2,2,150,18.06466165,0.689655172
02.feb,2,2,250,32.42823529,0.862068966
02.feb,2,2,350,51.27363636,0.931034483
02.feb,2,2,450,55.63225806,0.931034483
02.feb,2,2,550,61.73333333,0.965517241
03.feb,3,2,50,12.628,0.551724138
03.feb,3,2,150,17.2443609,0.689655172
03.feb,3,2,250,31.28941176,0.896551724
03.feb,3,2,350,49.31909091,0.931034483
03.feb,3,2,450,53.3483871,0.931034483
03.feb,3,2,550,58.4,0.965517241
04.feb,4,2,50,11.128,0.517241379
04.feb,4,2,150,16.09172932,0.689655172
04.feb,4,2,250,31.33058824,0.827586207
04.feb,4,2,350,49.01818182,0.931034483
04.feb,4,2,450,53.00806452,0.931034483
04.feb,4,2,550,56.06666667,0.965517241
05.feb,5,2,50,12.128,0.517241379
05.feb,5,2,150,19.19398496,0.689655172
05.feb,5,2,250,29.27176471,0.827586207
05.feb,5,2,350,52.69363636,0.931034483
05.feb,5,2,450,58.88225806,0.931034483
05.feb,5,2,550,61.63333333,0.965517241
06.feb,6,2,50,11.456,0.551724138
06.feb,6,2,150,22.05488722,0.689655172
06.feb,6,2,250,35.99529412,0.862068966
06.feb,6,2,350,54.70727273,0.931034483
06.feb,6,2,450,58.1516129,0.931034483
06.feb,6,2,550,60.98333333,0.965517241
07.feb,7,2,50,10.334,0.551724138
07.feb,7,2,150,22.2406015,0.689655172
07.feb,7,2,250,37.63411765,0.827586207
07.feb,7,2,350,58.43727273,0.931034483
07.feb,7,2,450,61.39516129,0.931034483
07.feb,7,2,550,62.23333333,0.965517241
08.feb,8,2,50,10.938,0.551724138
08.feb,8,2,150,21.79398496,0.724137931
08.feb,8,2,250,37.47529412,0.827586207
08.feb,8,2,350,59.94454545,0.931034483
08.feb,8,2,450,63.82903226,0.931034483
08.feb,8,2,550,63.45,0.965517241
09.feb,9,2,50,10.65,0.551724138
09.feb,9,2,150,21.24661654,0.689655172
09.feb,9,2,250,35.78705882,0.827586207
09.feb,9,2,350,60.45090909,0.931034483
09.feb,9,2,450,64.57903226,0.931034483
09.feb,9,2,550,63.45,0.965517241
10.feb,10,2,50,10.37,0.551724138
10.feb,10,2,150,21.00827068,0.689655172
10.feb,10,2,250,35.59764706,0.862068966
10.feb,10,2,350,59.84545455,0.931034483
10.feb,10,2,450,63.97419355,0.931034483
10.feb,10,2,550,63.05,0.965517241
11.feb,11,2,50,10.176,0.517241379
11.feb,11,2,150,20.7924812,0.689655172
11.feb,11,2,250,39.44117647,0.793103448
11.feb,11,2,350,59.21454545,0.931034483
11.feb,11,2,450,63.47580645,0.965517241
11.feb,11,2,550,62.75,0.965517241
12.feb,12,2,50,13.02,0.551724138
12.feb,12,2,150,20.58947368,0.724137931
12.feb,12,2,250,39.03882353,0.793103448
12.feb,12,2,350,58.6,0.931034483
12.feb,12,2,450,63.07741935,0.965517241
12.feb,12,2,550,64.7,0.965517241
13.feb,13,2,50,11.27,0.551724138
13.feb,13,2,150,20.39924812,0.724137931
13.feb,13,2,250,38.67529412,0.793103448
13.feb,13,2,350,59.02272727,0.965517241
13.feb,13,2,450,62.66290323,0.965517241
13.feb,13,2,550,62.85,0.965517241
14.feb,14,2,50,10.88,0.517241379
14.feb,14,2,150,21.35263158,0.724137931
14.feb,14,2,250,38.25411765,0.827586207
14.feb,14,2,350,60.79363636,0.965517241
14.feb,14,2,450,62.44516129,0.965517241
14.feb,14,2,550,63.9,0.965517241
15.feb,15,2,50,10.234,0.517241379
15.feb,15,2,150,21.1481203,0.724137931
15.feb,15,2,250,37.2,0.827586207
15.feb,15,2,350,58.15090909,0.965517241
15.feb,15,2,450,61.84516129,0.965517241
15.feb,15,2,550,62.56666667,0.965517241
16.feb,16,2,50,8.932,0.482758621
16.feb,16,2,150,20.94887218,0.689655172
16.feb,16,2,250,35.82588235,0.827586207
16.feb,16,2,350,58.18272727,0.965517241
16.feb,16,2,450,62.53387097,0.965517241
16.feb,16,2,550,62.18333333,0.965517241
17.feb,17,2,50,8.796,0.482758621
17.feb,17,2,150,20.76842105,0.689655172
17.feb,17,2,250,35.25647059,0.862068966
17.feb,17,2,350,57.46545455,0.965517241
17.feb,17,2,450,61.87580645,0.965517241
17.feb,17,2,550,61.93333333,0.965517241
18.feb,18,2,50,9.998,0.482758621
18.feb,18,2,150,20.5593985,0.724137931
18.feb,18,2,250,34.36705882,0.896551724
18.feb,18,2,350,56.92363636,0.965517241
18.feb,18,2,450,61.08870968,0.965517241
18.feb,18,2,550,64.03333333,0.965517241
19.feb,19,2,50,13.094,0.517241379
19.feb,19,2,150,24.98646617,0.689655172
19.feb,19,2,250,33.94352941,0.862068966
19.feb,19,2,350,56.49363636,1
19.feb,19,2,450,60.57419355,1
19.feb,19,2,550,62.68333333,1
20.feb,20,2,50,13.072,0.586206897
20.feb,20,2,150,24.33157895,0.689655172
20.feb,20,2,250,36.39529412,0.827586207
20.feb,20,2,350,59.25272727,1
20.feb,20,2,450,60.25645161,1
20.feb,20,2,550,63.4,1
21.feb,21,2,50,13.882,0.586206897
21.feb,21,2,150,23.69323308,0.689655172
21.feb,21,2,250,36.94470588,0.827586207
21.feb,21,2,350,58.91272727,1
21.feb,21,2,450,60.05645161,1
21.feb,21,2,550,63.1,1
22.feb,22,2,50,14.196,0.586206897
22.feb,22,2,150,24.2962406,0.689655172
22.feb,22,2,250,35.97294118,0.827586207
22.feb,22,2,350,57.59545455,0.965517241
22.feb,22,2,450,59.85322581,1
22.feb,22,2,550,62.78333333,1
23.feb,23,2,50,12.772,0.551724138
23.feb,23,2,150,22.86315789,0.689655172
23.feb,23,2,250,35.77058824,0.793103448
23.feb,23,2,350,56.62090909,1
23.feb,23,2,450,59.63548387,1
23.feb,23,2,550,65.78333333,1
24.feb,24,2,50,10.968,0.551724138
24.feb,24,2,150,22.96315789,0.689655172
24.feb,24,2,250,36.71294118,0.793103448
24.feb,24,2,350,58.25454545,1
24.feb,24,2,450,64.59516129,1
24.feb,24,2,550,65.55,1
25.feb,25,2,50,13.162,0.586206897
25.feb,25,2,150,22.54887218,0.724137931
25.feb,25,2,250,37.87647059,0.827586207
25.feb,25,2,350,57.96363636,1
25.feb,25,2,450,62.00483871,1
25.feb,25,2,550,68.73333333,1
26.feb,26,2,50,16.184,0.551724138
26.feb,26,2,150,26.59699248,0.689655172
26.feb,26,2,250,39.42352941,0.862068966
26.feb,26,2,350,57.66636364,0.965517241
26.feb,26,2,450,60.45806452,1
26.feb,26,2,550,67.91666667,1
27.feb,27,2,50,16.73,0.586206897
27.feb,27,2,150,26.45789474,0.724137931
27.feb,27,2,250,37.55529412,0.862068966
27.feb,27,2,350,57.36909091,0.965517241
27.feb,27,2,450,58.71935484,1
27.feb,27,2,550,67.26666667,1
28.feb,28,2,50,17.446,0.586206897
28.feb,28,2,150,28.63082707,0.724137931
28.feb,28,2,250,38.91058824,0.793103448
28.feb,28,2,350,57.07272727,0.931034483
28.feb,28,2,450,58.41774194,1
28.feb,28,2,550,68.06666667,1
29.feb,29,2,50,16.868,0.551724138
29.feb,29,2,150,26.34736842,0.724137931
29.feb,29,2,250,39.02235294,0.827586207
29.feb,29,2,350,58.55,0.931034483
29.feb,29,2,450,64.22741935,1
29.feb,29,2,550,68.55,1
01.mar,1,3,50,14.262,0.551724138
01.mar,1,3,150,26.18045113,0.724137931
01.mar,1,3,250,39.31882353,0.827586207
01.mar,1,3,350,58.67909091,0.931034483
01.mar,1,3,450,67.15483871,1
01.mar,1,3,550,68.05,1
02.mar,2,3,50,9.762,0.482758621
02.mar,2,3,150,25.6962406,0.724137931
02.mar,2,3,250,38.93647059,0.862068966
02.mar,2,3,350,58.24272727,0.931034483
02.mar,2,3,450,66.8016129,1
02.mar,2,3,550,68.03333333,1
03.mar,3,3,50,14.236,0.517241379
03.mar,3,3,150,25.58345865,0.724137931
03.mar,3,3,250,38.66,0.862068966
03.mar,3,3,350,57.80545455,0.931034483
03.mar,3,3,450,66.44032258,1
03.mar,3,3,550,67.58333333,1
04.mar,4,3,50,14.056,0.517241379
04.mar,4,3,150,25.25263158,0.689655172
04.mar,4,3,250,41.19176471,0.862068966
04.mar,4,3,350,63.82636364,0.931034483
04.mar,4,3,450,66.10322581,1
04.mar,4,3,550,67.1,1
05.mar,5,3,50,13.894,0.586206897
05.mar,5,3,150,24.93684211,0.724137931
05.mar,5,3,250,41.50352941,0.896551724
05.mar,5,3,350,63.17363636,0.965517241
05.mar,5,3,450,66.44677419,1
05.mar,5,3,550,66.6,1
06.mar,6,3,50,12.428,0.620689655
06.mar,6,3,150,29.11654135,0.724137931
06.mar,6,3,250,39.73647059,0.827586207
06.mar,6,3,350,62.58636364,0.965517241
06.mar,6,3,450,66.12258065,0.965517241
06.mar,6,3,550,69.06666667,1
07.mar,7,3,50,12.21,0.586206897
07.mar,7,3,150,27.62180451,0.689655172
07.mar,7,3,250,39.10470588,0.827586207
07.mar,7,3,350,62.09454545,0.965517241
07.mar,7,3,450,65.65483871,0.965517241
07.mar,7,3,550,68.5,1
08.mar,8,3,50,11.466,0.551724138
08.mar,8,3,150,26.30902256,0.689655172
08.mar,8,3,250,38.21764706,0.793103448
08.mar,8,3,350,61.68181818,0.965517241
08.mar,8,3,450,65.06612903,0.965517241
08.mar,8,3,550,68.85,1
09.mar,9,3,50,10.688,0.517241379
09.mar,9,3,150,25.81729323,0.655172414
09.mar,9,3,250,37.48588235,0.793103448
09.mar,9,3,350,63.20636364,0.965517241
09.mar,9,3,450,65.39677419,0.965517241
09.mar,9,3,550,68.9,1
10.mar,10,3,50,10.496,0.517241379
10.mar,10,3,150,25.39849624,0.655172414
10.mar,10,3,250,37.12941176,0.827586207
10.mar,10,3,350,62.91272727,0.965517241
10.mar,10,3,450,64.25322581,1
10.mar,10,3,550,71.58333333,1
11.mar,11,3,50,11.558,0.517241379
11.mar,11,3,150,24.24360902,0.689655172
11.mar,11,3,250,36.83058824,0.827586207
11.mar,11,3,350,62.45545455,0.965517241
11.mar,11,3,450,63.78548387,1
11.mar,11,3,550,71.03333333,1
12.mar,12,3,50,11.456,0.517241379
12.mar,12,3,150,22.82631579,0.689655172
12.mar,12,3,250,36.54470588,0.793103448
12.mar,12,3,350,62.07909091,0.965517241
12.mar,12,3,450,69.86290323,1
12.mar,12,3,550,71.35,1
13.mar,13,3,50,11.354,0.517241379
13.mar,13,3,150,25.14736842,0.655172414
13.mar,13,3,250,40.18352941,0.75862069
13.mar,13,3,350,63.13181818,0.965517241
13.mar,13,3,450,69.44354839,1
13.mar,13,3,550,70.81666667,1
14.mar,14,3,50,10.378,0.517241379
14.mar,14,3,150,23.18045113,0.655172414
14.mar,14,3,250,37.88823529,0.75862069
14.mar,14,3,350,62.99818182,0.965517241
14.mar,14,3,450,68.81612903,1
14.mar,14,3,550,71.81666667,1
15.mar,15,3,50,10.03,0.517241379
15.mar,15,3,150,22.32556391,0.620689655
15.mar,15,3,250,34.61882353,0.75862069
15.mar,15,3,350,62.79545455,0.965517241
15.mar,15,3,450,68.46774194,1
15.mar,15,3,550,70,1
16.mar,16,3,50,9.408,0.448275862
16.mar,16,3,150,22.09473684,0.620689655
16.mar,16,3,250,32.22235294,0.724137931
16.mar,16,3,350,64.03363636,0.965517241
16.mar,16,3,450,68.26612903,1
16.mar,16,3,550,71.06666667,1
17.mar,17,3,50,5.61,0.413793103
17.mar,17,3,150,20.78345865,0.620689655
17.mar,17,3,250,31.96117647,0.724137931
17.mar,17,3,350,65.90545455,0.965517241
17.mar,17,3,450,69.68064516,1
17.mar,17,3,550,70.45,1
18.mar,18,3,50,3.406,0.413793103
18.mar,18,3,150,18.18345865,0.620689655
18.mar,18,3,250,31.44352941,0.724137931
18.mar,18,3,350,64.84181818,0.965517241
18.mar,18,3,450,71.19354839,0.965517241
18.mar,18,3,550,72.98333333,1
19.mar,19,3,50,3.306,0.413793103
19.mar,19,3,150,17.74736842,0.620689655
19.mar,19,3,250,28.22588235,0.724137931
19.mar,19,3,350,64.45272727,0.965517241
19.mar,19,3,450,70.64354839,0.965517241
19.mar,19,3,550,76.53333333,1
20.mar,20,3,50,3.472,0.413793103
20.mar,20,3,150,15.59398496,0.586206897
20.mar,20,3,250,31.33882353,0.724137931
20.mar,20,3,350,64.11636364,0.965517241
20.mar,20,3,450,70.87903226,0.965517241
20.mar,20,3,550,76.68333333,1
21.mar,21,3,50,4.152,0.413793103
21.mar,21,3,150,14.25488722,0.586206897
21.mar,21,3,250,31.14235294,0.75862069
21.mar,21,3,350,63.73636364,0.931034483
21.mar,21,3,450,70.51612903,0.965517241
21.mar,21,3,550,76.2,1
22.mar,22,3,50,3.396,0.379310345
22.mar,22,3,150,12.78571429,0.586206897
22.mar,22,3,250,30.96352941,0.724137931
22.mar,22,3,350,64.31,0.931034483
22.mar,22,3,450,71.07096774,0.965517241
22.mar,22,3,550,77,1
23.mar,23,3,50,2.906,0.344827586
23.mar,23,3,150,12.63609023,0.551724138
23.mar,23,3,250,30.78941176,0.724137931
23.mar,23,3,350,64.05636364,0.931034483
23.mar,23,3,450,68.49354839,0.965517241
23.mar,23,3,550,75.41666667,1
24.mar,24,3,50,2.806,0.344827586
24.mar,24,3,150,12.23383459,0.586206897
24.mar,24,3,250,30.61882353,0.724137931
24.mar,24,3,350,64.26636364,0.896551724
24.mar,24,3,450,70.74032258,0.965517241
24.mar,24,3,550,74.86666667,1
25.mar,25,3,50,2.554,0.344827586
25.mar,25,3,150,11.04210526,0.517241379
25.mar,25,3,250,29.92,0.724137931
25.mar,25,3,350,63.96181818,0.896551724
25.mar,25,3,450,70.29032258,0.931034483
25.mar,25,3,550,74.43333333,1
26.mar,26,3,50,2.606,0.379310345
26.mar,26,3,150,10.53984962,0.517241379
26.mar,26,3,250,27.47647059,0.689655172
26.mar,26,3,350,62.58454545,0.896551724
26.mar,26,3,450,71.75,0.931034483
26.mar,26,3,550,75.55,1
27.mar,27,3,50,2.506,0.344827586
27.mar,27,3,150,10.39924812,0.551724138
27.mar,27,3,250,27.36705882,0.689655172
27.mar,27,3,350,59.52,0.896551724
27.mar,27,3,450,71.08225806,0.896551724
27.mar,27,3,550,74.35,1
28.mar,28,3,50,2.41,0.344827586
28.mar,28,3,150,10.81879699,0.517241379
28.mar,28,3,250,27.22588235,0.655172414
28.mar,28,3,350,61.33454545,0.862068966
28.mar,28,3,450,69.02903226,0.896551724
28.mar,28,3,550,71.85,1
29.mar,29,3,50,0.178,0.344827586
29.mar,29,3,150,10.8924812,0.517241379
29.mar,29,3,250,27.09294118,0.620689655
29.mar,29,3,350,64.38090909,0.862068966
29.mar,29,3,450,78.14516129,0.896551724
29.mar,29,3,550,79.43333333,1
30.mar,30,3,50,0.07,0.275862069
30.mar,30,3,150,11.59699248,0.517241379
30.mar,30,3,250,26.98235294,0.620689655
30.mar,30,3,350,62.92454545,0.827586207
30.mar,30,3,450,76.33225806,0.896551724
30.mar,30,3,550,78.41666667,0.965517241
31.mar,31,3,50,0.012,0.275862069
31.mar,31,3,150,9.488721805,0.482758621
31.mar,31,3,250,27.27294118,0.586206897
31.mar,31,3,350,64.19909091,0.793103448
31.mar,31,3,450,73.62096774,0.896551724
31.mar,31,3,550,76.21666667,0.931034483
01.apr,1,4,50,0.002,0.275862069
01.apr,1,4,150,7.771428571,0.482758621
01.apr,1,4,250,27.16705882,0.586206897
01.apr,1,4,350,61.61090909,0.793103448
01.apr,1,4,450,71.31774194,0.931034483
01.apr,1,4,550,77.71666667,0.931034483
02.apr,2,4,50,0.684,0.24137931
02.apr,2,4,150,6.798496241,0.448275862
02.apr,2,4,250,24.80823529,0.586206897
02.apr,2,4,350,56.76636364,0.793103448
02.apr,2,4,450,70.16612903,0.931034483
02.apr,2,4,550,77,0.931034483
03.apr,3,4,50,0.626,0.24137931
03.apr,3,4,150,10.90827068,0.517241379
03.apr,3,4,250,22.56117647,0.655172414
03.apr,3,4,350,53.93363636,0.793103448
03.apr,3,4,450,67.44516129,0.931034483
03.apr,3,4,550,78.21666667,0.965517241
04.apr,4,4,50,0.572,0.206896552
04.apr,4,4,150,9.147368421,0.482758621
04.apr,4,4,250,24.07411765,0.586206897
04.apr,4,4,350,52.25181818,0.793103448
04.apr,4,4,450,65.37419355,0.931034483
04.apr,4,4,550,80.71666667,0.965517241
05.apr,5,4,50,0.15,0.172413793
05.apr,5,4,150,6.110526316,0.379310345
05.apr,5,4,250,21.68470588,0.586206897
05.apr,5,4,350,48.02818182,0.793103448
05.apr,5,4,450,64.62741935,0.896551724
05.apr,5,4,550,76.73333333,0.965517241
06.apr,6,4,50,0,0.172413793
06.apr,6,4,150,4.296992481,0.379310345
06.apr,6,4,250,17.08823529,0.586206897
06.apr,6,4,350,43.83636364,0.793103448
06.apr,6,4,450,65.67741935,0.896551724
06.apr,6,4,550,76.01666667,0.965517241
07.apr,7,4,50,0,0.137931034
07.apr,7,4,150,2.92481203,0.344827586
07.apr,7,4,250,13.63764706,0.586206897
07.apr,7,4,350,42.36,0.75862069
07.apr,7,4,450,63.71935484,0.896551724
07.apr,7,4,550,74.83333333,0.965517241
08.apr,8,4,50,0,0.103448276
08.apr,8,4,150,3.093984962,0.310344828
08.apr,8,4,250,10.30588235,0.517241379
08.apr,8,4,350,42.10363636,0.724137931
08.apr,8,4,450,63.49516129,0.862068966
08.apr,8,4,550,70.98333333,0.965517241
09.apr,9,4,50,0.008,0.103448276
09.apr,9,4,150,2.307518797,0.310344828
09.apr,9,4,250,7.764705882,0.448275862
09.apr,9,4,350,41.86545455,0.75862069
09.apr,9,4,450,61.86935484,0.827586207
09.apr,9,4,550,67.78333333,0.931034483
10.apr,10,4,50,0,0.103448276
10.apr,10,4,150,0.603759398,0.310344828
10.apr,10,4,250,5.515294118,0.448275862
10.apr,10,4,350,40.25,0.75862069
10.apr,10,4,450,59.28225806,0.827586207
10.apr,10,4,550,67.26666667,0.931034483
11.apr,11,4,50,0,0.103448276
11.apr,11,4,150,0.476691729,0.275862069
11.apr,11,4,250,3.902352941,0.448275862
11.apr,11,4,350,37.95545455,0.75862069
11.apr,11,4,450,58.34032258,0.827586207
11.apr,11,4,550,68.4,0.896551724
12.apr,12,4,50,0,0.103448276
12.apr,12,4,150,0.32556391,0.275862069
12.apr,12,4,250,3.371764706,0.448275862
12.apr,12,4,350,40.55272727,0.75862069
12.apr,12,4,450,58.61935484,0.793103448
12.apr,12,4,550,67.41666667,0.896551724
13.apr,13,4,50,0,0.103448276
13.apr,13,4,150,0.072932331,0.24137931
13.apr,13,4,250,1.909411765,0.413793103
13.apr,13,4,350,37.45727273,0.724137931
13.apr,13,4,450,58.28709677,0.793103448
13.apr,13,4,550,64.95,0.862068966
14.apr,14,4,50,0,0.103448276
14.apr,14,4,150,0.181203008,0.206896552
14.apr,14,4,250,1.242352941,0.448275862
14.apr,14,4,350,34.59181818,0.689655172
14.apr,14,4,450,55.51935484,0.793103448
14.apr,14,4,550,62.01666667,0.827586207
15.apr,15,4,50,0,0.103448276
15.apr,15,4,150,0.121804511,0.206896552
15.apr,15,4,250,0.784705882,0.448275862
15.apr,15,4,350,32.55272727,0.655172414
15.apr,15,4,450,54.09354839,0.724137931
15.apr,15,4,550,64.98333333,0.793103448
16.apr,16,4,50,0,0.034482759
16.apr,16,4,150,0.080451128,0.172413793
16.apr,16,4,250,0.458823529,0.413793103
16.apr,16,4,350,28.01272727,0.586206897
16.apr,16,4,450,48.84516129,0.724137931
16.apr,16,4,550,60.9,0.75862069
17.apr,17,4,50,0,0.034482759
17.apr,17,4,150,0,0.172413793
17.apr,17,4,250,0.216470588,0.344827586
17.apr,17,4,350,23.98818182,0.586206897
17.apr,17,4,450,43.99516129,0.689655172
17.apr,17,4,550,57.73333333,0.793103448
18.apr,18,4,50,0,0.034482759
18.apr,18,4,150,0,0.172413793
18.apr,18,4,250,0.112941176,0.379310345
18.apr,18,4,350,20.74454545,0.551724138
18.apr,18,4,450,39.85,0.689655172
18.apr,18,4,550,54.83333333,0.75862069
19.apr,19,4,50,0,0.034482759
19.apr,19,4,150,0,0.172413793
19.apr,19,4,250,0.054117647,0.379310345
19.apr,19,4,350,17.61363636,0.551724138
19.apr,19,4,450,35.50967742,0.689655172
19.apr,19,4,550,50.78333333,0.724137931
20.apr,20,4,50,0,0.034482759
20.apr,20,4,150,0,0.137931034
20.apr,20,4,250,0.034117647,0.379310345
20.apr,20,4,350,14.57363636,0.551724138
20.apr,20,4,450,30.92580645,0.655172414
20.apr,20,4,550,45.88333333,0.724137931
21.apr,21,4,50,0,0.034482759
21.apr,21,4,150,0,0.137931034
21.apr,21,4,250,0.004705882,0.310344828
21.apr,21,4,350,11.73,0.517241379
21.apr,21,4,450,26.22741935,0.620689655
21.apr,21,4,550,40.1,0.689655172
22.apr,22,4,50,0,0
22.apr,22,4,150,0,0.103448276
22.apr,22,4,250,0,0.206896552
22.apr,22,4,350,9.05,0.482758621
22.apr,22,4,450,21.33870968,0.620689655
22.apr,22,4,550,33.73333333,0.655172414
23.apr,23,4,50,0,0
23.apr,23,4,150,0,0.103448276
23.apr,23,4,250,0.072941176,0.206896552
23.apr,23,4,350,7.012727273,0.482758621
23.apr,23,4,450,17.38870968,0.620689655
23.apr,23,4,550,28.16666667,0.655172414
24.apr,24,4,50,0,0
24.apr,24,4,150,0,0.103448276
24.apr,24,4,250,0,0.206896552
24.apr,24,4,350,6.009090909,0.448275862
24.apr,24,4,450,15.45806452,0.586206897
24.apr,24,4,550,23.26666667,0.655172414
25.apr,25,4,50,0,0
25.apr,25,4,150,0,0.103448276
25.apr,25,4,250,0,0.172413793
25.apr,25,4,350,5.061818182,0.448275862
25.apr,25,4,450,13.73548387,0.586206897
25.apr,25,4,550,23.16666667,0.620689655
26.apr,26,4,50,0,0
26.apr,26,4,150,0,0.103448276
26.apr,26,4,250,0,0.137931034
26.apr,26,4,350,4.382727273,0.413793103
26.apr,26,4,450,12.64516129,0.551724138
26.apr,26,4,550,22.51666667,0.620689655
27.apr,27,4,50,0,0
27.apr,27,4,150,0,0.103448276
27.apr,27,4,250,0,0.137931034
27.apr,27,4,350,4.097272727,0.413793103
27.apr,27,4,450,13.95967742,0.551724138
27.apr,27,4,550,25.81666667,0.586206897
28.apr,28,4,50,0,0
28.apr,28,4,150,0,0.103448276
28.apr,28,4,250,0,0.137931034
28.apr,28,4,350,2.320909091,0.344827586
28.apr,28,4,450,10.07580645,0.517241379
28.apr,28,4,550,21.81666667,0.586206897
29.apr,29,4,50,0,0
29.apr,29,4,150,0,0.068965517
29.apr,29,4,250,0,0.137931034
29.apr,29,4,350,1.115454545,0.344827586
29.apr,29,4,450,6.508064516,0.482758621
29.apr,29,4,550,23.01666667,0.551724138
30.apr,30,4,50,0,0
30.apr,30,4,150,0,0
30.apr,30,4,250,0,0.137931034
30.apr,30,4,350,0.717272727,0.275862069
30.apr,30,4,450,4.129032258,0.448275862
30.apr,30,4,550,18.71666667,0.517241379
01.mai,1,5,50,0,0
01.mai,1,5,150,0,0
01.mai,1,5,250,0,0.137931034
01.mai,1,5,350,0.371818182,0.275862069
01.mai,1,5,450,2.65483871,0.413793103
01.mai,1,5,550,13.66666667,0.517241379
02.mai,2,5,50,0,0
02.mai,2,5,150,0,0
02.mai,2,5,250,0,0.137931034
02.mai,2,5,350,0.185454545,0.24137931
02.mai,2,5,450,1.688709677,0.413793103
02.mai,2,5,550,9.35,0.482758621
03.mai,3,5,50,0,0
03.mai,3,5,150,0,0
03.mai,3,5,250,0,0.103448276
03.mai,3,5,350,0.058181818,0.206896552
03.mai,3,5,450,0.95,0.310344828
03.mai,3,5,550,6.966666667,0.448275862
04.mai,4,5,50,0,0
04.mai,4,5,150,0,0
04.mai,4,5,250,0,0.103448276
04.mai,4,5,350,0.001818182,0.172413793
04.mai,4,5,450,0.440322581,0.310344828
04.mai,4,5,550,5.033333333,0.448275862
05.mai,5,5,50,0,0
05.mai,5,5,150,0,0
05.mai,5,5,250,0,0.068965517
05.mai,5,5,350,0,0.103448276
05.mai,5,5,450,0.188709677,0.275862069
05.mai,5,5,550,3.833333333,0.379310345
06.mai,6,5,50,0,0
06.mai,6,5,150,0,0
06.mai,6,5,250,0,0.068965517
06.mai,6,5,350,0,0.103448276
06.mai,6,5,450,0.062903226,0.24137931
06.mai,6,5,550,2.3,0.310344828
07.mai,7,5,50,0,0
07.mai,7,5,150,0,0
07.mai,7,5,250,0,0.034482759
07.mai,7,5,350,0,0.103448276
07.mai,7,5,450,0.009677419,0.172413793
07.mai,7,5,550,1.066666667,0.24137931
08.mai,8,5,50,0,0
08.mai,8,5,150,0,0
08.mai,8,5,250,0,0.034482759
08.mai,8,5,350,0,0.103448276
08.mai,8,5,450,0,0.137931034
08.mai,8,5,550,0.466666667,0.206896552
09.mai,9,5,50,0,0
09.mai,9,5,150,0,0
09.mai,9,5,250,0,0.034482759
09.mai,9,5,350,0,0.103448276
09.mai,9,5,450,0,0.137931034
09.mai,9,5,550,0.116666667,0.172413793
10.mai,10,5,50,0,0
10.mai,10,5,150,0,0
10.mai,10,5,250,0,0.034482759
10.mai,10,5,350,0,0.103448276
10.mai,10,5,450,0,0.103448276
10.mai,10,5,550,0,0.172413793
11.mai,11,5,50,0,0
11.mai,11,5,150,0,0
11.mai,11,5,250,0,0
11.mai,11,5,350,0,0.103448276
11.mai,11,5,450,0,0.103448276
11.mai,11,5,550,0,0.172413793
12.mai,12,5,50,0,0
12.mai,12,5,150,0,0
12.mai,12,5,250,0,0
12.mai,12,5,350,0,0.068965517
12.mai,12,5,450,0,0.103448276
12.mai,12,5,550,0,0.137931034
13.mai,13,5,50,0,0
13.mai,13,5,150,0,0
13.mai,13,5,250,0,0
13.mai,13,5,350,0,0.068965517
13.mai,13,5,450,0,0.137931034
13.mai,13,5,550,0,0.137931034
14.mai,14,5,50,0,0
14.mai,14,5,150,0,0
14.mai,14,5,250,0,0
14.mai,14,5,350,0,0.068965517
14.mai,14,5,450,0,0.068965517
14.mai,14,5,550,0,0.137931034
15.mai,15,5,50,0,0
15.mai,15,5,150,0,0
15.mai,15,5,250,0,0
15.mai,15,5,350,0,0.068965517
15.mai,15,5,450,0,0.068965517
15.mai,15,5,550,0,0.103448276
16.mai,16,5,50,0,0
16.mai,16,5,150,0,0
16.mai,16,5,250,0,0
16.mai,16,5,350,0,0.068965517
16.mai,16,5,450,0,0.068965517
16.mai,16,5,550,0,0.068965517
17.mai,17,5,50,0,0
17.mai,17,5,150,0,0
17.mai,17,5,250,0,0
17.mai,17,5,350,0,0.034482759
17.mai,17,5,450,0,0.068965517
17.mai,17,5,550,0,0.068965517
18.mai,18,5,50,0,0
18.mai,18,5,150,0,0
18.mai,18,5,250,0,0
18.mai,18,5,350,0,0.034482759
18.mai,18,5,450,0,0.068965517
18.mai,18,5,550,0,0.068965517
19.mai,19,5,50,0,0
19.mai,19,5,150,0,0
19.mai,19,5,250,0,0
19.mai,19,5,350,0,0.034482759
19.mai,19,5,450,0,0.068965517
19.mai,19,5,550,0,0.068965517
20.mai,20,5,50,0,0
20.mai,20,5,150,0,0
20.mai,20,5,250,0,0
20.mai,20,5,350,0,0
20.mai,20,5,450,0,0.068965517
20.mai,20,5,550,0,0.068965517
21.mai,21,5,50,0,0
21.mai,21,5,150,0,0
21.mai,21,5,250,0,0
21.mai,21,5,350,0,0
21.mai,21,5,450,0,0.034482759
21.mai,21,5,550,0,0.068965517
22.mai,22,5,50,0,0
22.mai,22,5,150,0,0
22.mai,22,5,250,0,0
22.mai,22,5,350,0,0
22.mai,22,5,450,0,0.034482759
22.mai,22,5,550,0,0.068965517
23.mai,23,5,50,0,0
23.mai,23,5,150,0,0
23.mai,23,5,250,0,0
23.mai,23,5,350,0,0
23.mai,23,5,450,0,0.034482759
23.mai,23,5,550,0,0.068965517
24.mai,24,5,50,0,0
24.mai,24,5,150,0,0
24.mai,24,5,250,0,0
24.mai,24,5,350,0,0
24.mai,24,5,450,0,0
24.mai,24,5,550,0,0.034482759
25.mai,25,5,50,0,0
25.mai,25,5,150,0,0
25.mai,25,5,250,0,0
25.mai,25,5,350,0,0
25.mai,25,5,450,0,0
25.mai,25,5,550,0,0.034482759
26.mai,26,5,50,0,0
26.mai,26,5,150,0,0
26.mai,26,5,250,0,0
26.mai,26,5,350,0,0
26.mai,26,5,450,0,0
26.mai,26,5,550,0,0.034482759
27.mai,27,5,50,0,0
27.mai,27,5,150,0,0
27.mai,27,5,250,0,0
27.mai,27,5,350,0,0
27.mai,27,5,450,0,0
27.mai,27,5,550,0,0
28.mai,28,5,50,0,0
28.mai,28,5,150,0,0
28.mai,28,5,250,0,0
28.mai,28,5,350,0,0
28.mai,28,5,450,0,0
28.mai,28,5,550,0,0
29.mai,29,5,50,0,0
29.mai,29,5,150,0,0
29.mai,29,5,250,0,0
29.mai,29,5,350,0,0
29.mai,29,5,450,0,0
29.mai,29,5,550,0,0
30.mai,30,5,50,0,0
30.mai,30,5,150,0,0
30.mai,30,5,250,0,0
30.mai,30,5,350,0,0
30.mai,30,5,450,0,0
30.mai,30,5,550,0,0
31.mai,31,5,50,0,0
31.mai,31,5,150,0,0
31.mai,31,5,250,0,0
31.mai,31,5,350,0,0
31.mai,31,5,450,0,0
31.mai,31,5,550,0,0
01.jun,1,6,50,0,0
01.jun,1,6,150,0,0
01.jun,1,6,250,0,0
01.jun,1,6,350,0,0
01.jun,1,6,450,0,0
01.jun,1,6,550,0,0
02.jun,2,6,50,0,0
02.jun,2,6,150,0,0
02.jun,2,6,250,0,0
02.jun,2,6,350,0,0
02.jun,2,6,450,0,0
02.jun,2,6,550,0,0
03.jun,3,6,50,0,0
03.jun,3,6,150,0,0
03.jun,3,6,250,0,0
03.jun,3,6,350,0,0
03.jun,3,6,450,0,0
03.jun,3,6,550,0,0
04.jun,4,6,50,0,0
04.jun,4,6,150,0,0
04.jun,4,6,250,0,0
04.jun,4,6,350,0,0
04.jun,4,6,450,0,0
04.jun,4,6,550,0,0
05.jun,5,6,50,0,0
05.jun,5,6,150,0,0
05.jun,5,6,250,0,0
05.jun,5,6,350,0,0
05.jun,5,6,450,0,0
05.jun,5,6,550,0,0
06.jun,6,6,50,0,0
06.jun,6,6,150,0,0
06.jun,6,6,250,0,0
06.jun,6,6,350,0,0
06.jun,6,6,450,0,0
06.jun,6,6,550,0,0
07.jun,7,6,50,0,0
07.jun,7,6,150,0,0
07.jun,7,6,250,0,0
07.jun,7,6,350,0,0
07.jun,7,6,450,0,0
07.jun,7,6,550,0,0
08.jun,8,6,50,0,0
08.jun,8,6,150,0,0
08.jun,8,6,250,0,0
08.jun,8,6,350,0,0
08.jun,8,6,450,0,0
08.jun,8,6,550,0,0
09.jun,9,6,50,0,0
09.jun,9,6,150,0,0
09.jun,9,6,250,0,0
09.jun,9,6,350,0,0
09.jun,9,6,450,0,0
09.jun,9,6,550,0,0
10.jun,10,6,50,0,0
10.jun,10,6,150,0,0
10.jun,10,6,250,0,0
10.jun,10,6,350,0,0
10.jun,10,6,450,0,0
10.jun,10,6,550,0,0
11.jun,11,6,50,0,0
11.jun,11,6,150,0,0
11.jun,11,6,250,0,0
11.jun,11,6,350,0,0
11.jun,11,6,450,0,0
11.jun,11,6,550,0,0
12.jun,12,6,50,0,0
12.jun,12,6,150,0,0
12.jun,12,6,250,0,0
12.jun,12,6,350,0,0
12.jun,12,6,450,0,0
12.jun,12,6,550,0,0
13.jun,13,6,50,0,0
13.jun,13,6,150,0,0
13.jun,13,6,250,0,0
13.jun,13,6,350,0,0
13.jun,13,6,450,0,0
13.jun,13,6,550,0,0
14.jun,14,6,50,0,0
14.jun,14,6,150,0,0
14.jun,14,6,250,0,0
14.jun,14,6,350,0,0
14.jun,14,6,450,0,0
14.jun,14,6,550,0,0
15.jun,15,6,50,0,0
15.jun,15,6,150,0,0
15.jun,15,6,250,0,0
15.jun,15,6,350,0,0
15.jun,15,6,450,0,0
15.jun,15,6,550,0,0
16.jun,16,6,50,0,0
16.jun,16,6,150,0,0
16.jun,16,6,250,0,0
16.jun,16,6,350,0,0
16.jun,16,6,450,0,0
16.jun,16,6,550,0,0
17.jun,17,6,50,0,0
17.jun,17,6,150,0,0
17.jun,17,6,250,0,0
17.jun,17,6,350,0,0
17.jun,17,6,450,0,0
17.jun,17,6,550,0,0
18.jun,18,6,50,0,0
18.jun,18,6,150,0,0
18.jun,18,6,250,0,0
18.jun,18,6,350,0,0
18.jun,18,6,450,0,0
18.jun,18,6,550,0,0
19.jun,19,6,50,0,0
19.jun,19,6,150,0,0
19.jun,19,6,250,0,0
19.jun,19,6,350,0,0
19.jun,19,6,450,0,0
19.jun,19,6,550,0,0
20.jun,20,6,50,0,0
20.jun,20,6,150,0,0
20.jun,20,6,250,0,0
20.jun,20,6,350,0,0
20.jun,20,6,450,0,0
20.jun,20,6,550,0,0
21.jun,21,6,50,0,0
21.jun,21,6,150,0,0
21.jun,21,6,250,0,0
21.jun,21,6,350,0,0
21.jun,21,6,450,0,0
21.jun,21,6,550,0,0
22.jun,22,6,50,0,0
22.jun,22,6,150,0,0
22.jun,22,6,250,0,0
22.jun,22,6,350,0,0
22.jun,22,6,450,0,0
22.jun,22,6,550,0,0
23.jun,23,6,50,0,0
23.jun,23,6,150,0,0
23.jun,23,6,250,0,0
23.jun,23,6,350,0,0
23.jun,23,6,450,0,0
23.jun,23,6,550,0,0
24.jun,24,6,50,0,0
24.jun,24,6,150,0,0
24.jun,24,6,250,0,0
24.jun,24,6,350,0,0
24.jun,24,6,450,0,0
24.jun,24,6,550,0,0
25.jun,25,6,50,0,0
25.jun,25,6,150,0,0
25.jun,25,6,250,0,0
25.jun,25,6,350,0,0
25.jun,25,6,450,0,0
25.jun,25,6,550,0,0
26.jun,26,6,50,0,0
26.jun,26,6,150,0,0
26.jun,26,6,250,0,0
26.jun,26,6,350,0,0
26.jun,26,6,450,0,0
26.jun,26,6,550,0,0
27.jun,27,6,50,0,0
27.jun,27,6,150,0,0
27.jun,27,6,250,0,0
27.jun,27,6,350,0,0
27.jun,27,6,450,0,0
27.jun,27,6,550,0,0
28.jun,28,6,50,0,0
28.jun,28,6,150,0,0
28.jun,28,6,250,0,0
28.jun,28,6,350,0,0
28.jun,28,6,450,0,0
28.jun,28,6,550,0,0
29.jun,29,6,50,0,0
29.jun,29,6,150,0,0
29.jun,29,6,250,0,0
29.jun,29,6,350,0,0
29.jun,29,6,450,0,0
29.jun,29,6,550,0,0
30.jun,30,6,50,0,0
30.jun,30,6,150,0,0
30.jun,30,6,250,0,0
30.jun,30,6,350,0,0
30.jun,30,6,450,0,0
30.jun,30,6,550,0,0
01.jul,1,7,50,0,0
01.jul,1,7,150,0,0
01.jul,1,7,250,0,0
01.jul,1,7,350,0,0
01.jul,1,7,450,0,0
01.jul,1,7,550,0,0
02.jul,2,7,50,0,0
02.jul,2,7,150,0,0
02.jul,2,7,250,0,0
02.jul,2,7,350,0,0
02.jul,2,7,450,0,0
02.jul,2,7,550,0,0
03.jul,3,7,50,0,0
03.jul,3,7,150,0,0
03.jul,3,7,250,0,0
03.jul,3,7,350,0,0
03.jul,3,7,450,0,0
03.jul,3,7,550,0,0
04.jul,4,7,50,0,0
04.jul,4,7,150,0,0
04.jul,4,7,250,0,0
04.jul,4,7,350,0,0
04.jul,4,7,450,0,0
04.jul,4,7,550,0,0
05.jul,5,7,50,0,0
05.jul,5,7,150,0,0
05.jul,5,7,250,0,0
05.jul,5,7,350,0,0
05.jul,5,7,450,0,0
05.jul,5,7,550,0,0
06.jul,6,7,50,0,0
06.jul,6,7,150,0,0
06.jul,6,7,250,0,0
06.jul,6,7,350,0,0
06.jul,6,7,450,0,0
06.jul,6,7,550,0,0
07.jul,7,7,50,0,0
07.jul,7,7,150,0,0
07.jul,7,7,250,0,0
07.jul,7,7,350,0,0
07.jul,7,7,450,0,0
07.jul,7,7,550,0,0
08.jul,8,7,50,0,0
08.jul,8,7,150,0,0
08.jul,8,7,250,0,0
08.jul,8,7,350,0,0
08.jul,8,7,450,0,0
08.jul,8,7,550,0,0
09.jul,9,7,50,0,0
09.jul,9,7,150,0,0
09.jul,9,7,250,0,0
09.jul,9,7,350,0,0
09.jul,9,7,450,0,0
09.jul,9,7,550,0,0
10.jul,10,7,50,0,0
10.jul,10,7,150,0,0
10.jul,10,7,250,0,0
10.jul,10,7,350,0,0
10.jul,10,7,450,0,0
10.jul,10,7,550,0,0
11.jul,11,7,50,0,0
11.jul,11,7,150,0,0
11.jul,11,7,250,0,0
11.jul,11,7,350,0,0
11.jul,11,7,450,0,0
11.jul,11,7,550,0,0
12.jul,12,7,50,0,0
12.jul,12,7,150,0,0
12.jul,12,7,250,0,0
12.jul,12,7,350,0,0
12.jul,12,7,450,0,0
12.jul,12,7,550,0,0
13.jul,13,7,50,0,0
13.jul,13,7,150,0,0
13.jul,13,7,250,0,0
13.jul,13,7,350,0,0
13.jul,13,7,450,0,0
13.jul,13,7,550,0,0
14.jul,14,7,50,0,0
14.jul,14,7,150,0,0
14.jul,14,7,250,0,0
14.jul,14,7,350,0,0
14.jul,14,7,450,0,0
14.jul,14,7,550,0,0
15.jul,15,7,50,0,0
15.jul,15,7,150,0,0
15.jul,15,7,250,0,0
15.jul,15,7,350,0,0
15.jul,15,7,450,0,0
15.jul,15,7,550,0,0
16.jul,16,7,50,0,0
16.jul,16,7,150,0,0
16.jul,16,7,250,0,0
16.jul,16,7,350,0,0
16.jul,16,7,450,0,0
16.jul,16,7,550,0,0
17.jul,17,7,50,0,0
17.jul,17,7,150,0,0
17.jul,17,7,250,0,0
17.jul,17,7,350,0,0
17.jul,17,7,450,0,0
17.jul,17,7,550,0,0
18.jul,18,7,50,0,0
18.jul,18,7,150,0,0
18.jul,18,7,250,0,0
18.jul,18,7,350,0,0
18.jul,18,7,450,0,0
18.jul,18,7,550,0,0
19.jul,19,7,50,0,0
19.jul,19,7,150,0,0
19.jul,19,7,250,0,0
19.jul,19,7,350,0,0
19.jul,19,7,450,0,0
19.jul,19,7,550,0,0
20.jul,20,7,50,0,0
20.jul,20,7,150,0,0
20.jul,20,7,250,0,0
20.jul,20,7,350,0,0
20.jul,20,7,450,0,0
20.jul,20,7,550,0,0
21.jul,21,7,50,0,0
21.jul,21,7,150,0,0
21.jul,21,7,250,0,0
21.jul,21,7,350,0,0
21.jul,21,7,450,0,0
21.jul,21,7,550,0,0
22.jul,22,7,50,0,0
22.jul,22,7,150,0,0
22.jul,22,7,250,0,0
22.jul,22,7,350,0,0
22.jul,22,7,450,0,0
22.jul,22,7,550,0,0
23.jul,23,7,50,0,0
23.jul,23,7,150,0,0
23.jul,23,7,250,0,0
23.jul,23,7,350,0,0
23.jul,23,7,450,0,0
23.jul,23,7,550,0,0
24.jul,24,7,50,0,0
24.jul,24,7,150,0,0
24.jul,24,7,250,0,0
24.jul,24,7,350,0,0
24.jul,24,7,450,0,0
24.jul,24,7,550,0,0
25.jul,25,7,50,0,0
25.jul,25,7,150,0,0
25.jul,25,7,250,0,0
25.jul,25,7,350,0,0
25.jul,25,7,450,0,0
25.jul,25,7,550,0,0
26.jul,26,7,50,0,0
26.jul,26,7,150,0,0
26.jul,26,7,250,0,0
26.jul,26,7,350,0,0
26.jul,26,7,450,0,0
26.jul,26,7,550,0,0
27.jul,27,7,50,0,0
27.jul,27,7,150,0,0
27.jul,27,7,250,0,0
27.jul,27,7,350,0,0
27.jul,27,7,450,0,0
27.jul,27,7,550,0,0
28.jul,28,7,50,0,0
28.jul,28,7,150,0,0
28.jul,28,7,250,0,0
28.jul,28,7,350,0,0
28.jul,28,7,450,0,0
28.jul,28,7,550,0,0
29.jul,29,7,50,0,0
29.jul,29,7,150,0,0
29.jul,29,7,250,0,0
29.jul,29,7,350,0,0
29.jul,29,7,450,0,0
29.jul,29,7,550,0,0
30.jul,30,7,50,0,0
30.jul,30,7,150,0,0
30.jul,30,7,250,0,0
30.jul,30,7,350,0,0
30.jul,30,7,450,0,0
30.jul,30,7,550,0,0
31.jul,31,7,50,0,0
31.jul,31,7,150,0,0
31.jul,31,7,250,0,0
31.jul,31,7,350,0,0
31.jul,31,7,450,0,0
31.jul,31,7,550,0,0
01.aug,1,8,50,0,0
01.aug,1,8,150,0,0
01.aug,1,8,250,0,0
01.aug,1,8,350,0,0
01.aug,1,8,450,0,0
01.aug,1,8,550,0,0
02.aug,2,8,50,0,0
02.aug,2,8,150,0,0
02.aug,2,8,250,0,0
02.aug,2,8,350,0,0
02.aug,2,8,450,0,0
02.aug,2,8,550,0,0
03.aug,3,8,50,0,0
03.aug,3,8,150,0,0
03.aug,3,8,250,0,0
03.aug,3,8,350,0,0
03.aug,3,8,450,0,0
03.aug,3,8,550,0,0
04.aug,4,8,50,0,0
04.aug,4,8,150,0,0
04.aug,4,8,250,0,0
04.aug,4,8,350,0,0
04.aug,4,8,450,0,0
04.aug,4,8,550,0,0
05.aug,5,8,50,0,0
05.aug,5,8,150,0,0
05.aug,5,8,250,0,0
05.aug,5,8,350,0,0
05.aug,5,8,450,0,0
05.aug,5,8,550,0,0
06.aug,6,8,50,0,0
06.aug,6,8,150,0,0
06.aug,6,8,250,0,0
06.aug,6,8,350,0,0
06.aug,6,8,450,0,0
06.aug,6,8,550,0,0
07.aug,7,8,50,0,0
07.aug,7,8,150,0,0
07.aug,7,8,250,0,0
07.aug,7,8,350,0,0
07.aug,7,8,450,0,0
07.aug,7,8,550,0,0
08.aug,8,8,50,0,0
08.aug,8,8,150,0,0
08.aug,8,8,250,0,0
08.aug,8,8,350,0,0
08.aug,8,8,450,0,0
08.aug,8,8,550,0,0
09.aug,9,8,50,0,0
09.aug,9,8,150,0,0
09.aug,9,8,250,0,0
09.aug,9,8,350,0,0
09.aug,9,8,450,0,0
09.aug,9,8,550,0,0
10.aug,10,8,50,0,0
10.aug,10,8,150,0,0
10.aug,10,8,250,0,0
10.aug,10,8,350,0,0
10.aug,10,8,450,0,0
10.aug,10,8,550,0,0
11.aug,11,8,50,0,0
11.aug,11,8,150,0,0
11.aug,11,8,250,0,0
11.aug,11,8,350,0,0
11.aug,11,8,450,0,0
11.aug,11,8,550,0,0
12.aug,12,8,50,0,0
12.aug,12,8,150,0,0
12.aug,12,8,250,0,0
12.aug,12,8,350,0,0
12.aug,12,8,450,0,0
12.aug,12,8,550,0,0
13.aug,13,8,50,0,0
13.aug,13,8,150,0,0
13.aug,13,8,250,0,0
13.aug,13,8,350,0,0
13.aug,13,8,450,0,0
13.aug,13,8,550,0,0
14.aug,14,8,50,0,0
14.aug,14,8,150,0,0
14.aug,14,8,250,0,0
14.aug,14,8,350,0,0
14.aug,14,8,450,0,0
14.aug,14,8,550,0,0
15.aug,15,8,50,0,0
15.aug,15,8,150,0,0
15.aug,15,8,250,0,0
15.aug,15,8,350,0,0
15.aug,15,8,450,0,0
15.aug,15,8,550,0,0
16.aug,16,8,50,0,0
16.aug,16,8,150,0,0
16.aug,16,8,250,0,0
16.aug,16,8,350,0,0
16.aug,16,8,450,0,0
16.aug,16,8,550,0,0
17.aug,17,8,50,0,0
17.aug,17,8,150,0,0
17.aug,17,8,250,0,0
17.aug,17,8,350,0,0
17.aug,17,8,450,0,0
17.aug,17,8,550,0,0
18.aug,18,8,50,0,0
18.aug,18,8,150,0,0
18.aug,18,8,250,0,0
18.aug,18,8,350,0,0
18.aug,18,8,450,0,0
18.aug,18,8,550,0,0
19.aug,19,8,50,0,0
19.aug,19,8,150,0,0
19.aug,19,8,250,0,0
19.aug,19,8,350,0,0
19.aug,19,8,450,0,0
19.aug,19,8,550,0,0
20.aug,20,8,50,0,0
20.aug,20,8,150,0,0
20.aug,20,8,250,0,0
20.aug,20,8,350,0,0
20.aug,20,8,450,0,0
20.aug,20,8,550,0,0
21.aug,21,8,50,0,0
21.aug,21,8,150,0,0
21.aug,21,8,250,0,0
21.aug,21,8,350,0,0
21.aug,21,8,450,0,0
21.aug,21,8,550,0,0
22.aug,22,8,50,0,0
22.aug,22,8,150,0,0
22.aug,22,8,250,0,0
22.aug,22,8,350,0,0
22.aug,22,8,450,0,0
22.aug,22,8,550,0,0
23.aug,23,8,50,0,0
23.aug,23,8,150,0,0
23.aug,23,8,250,0,0
23.aug,23,8,350,0,0
23.aug,23,8,450,0,0
23.aug,23,8,550,0,0
24.aug,24,8,50,0,0
24.aug,24,8,150,0,0
24.aug,24,8,250,0,0
24.aug,24,8,350,0,0
24.aug,24,8,450,0,0
24.aug,24,8,550,0,0
25.aug,25,8,50,0,0
25.aug,25,8,150,0,0
25.aug,25,8,250,0,0
25.aug,25,8,350,0,0
25.aug,25,8,450,0,0
25.aug,25,8,550,0,0
26.aug,26,8,50,0,0
26.aug,26,8,150,0,0
26.aug,26,8,250,0,0
26.aug,26,8,350,0,0
26.aug,26,8,450,0,0
26.aug,26,8,550,0,0
27.aug,27,8,50,0,0
27.aug,27,8,150,0,0
27.aug,27,8,250,0,0
27.aug,27,8,350,0,0
27.aug,27,8,450,0,0
27.aug,27,8,550,0,0
28.aug,28,8,50,0,0
28.aug,28,8,150,0,0
28.aug,28,8,250,0,0
28.aug,28,8,350,0,0
28.aug,28,8,450,0,0
28.aug,28,8,550,0,0
29.aug,29,8,50,0,0
29.aug,29,8,150,0,0
29.aug,29,8,250,0,0
29.aug,29,8,350,0,0
29.aug,29,8,450,0,0
29.aug,29,8,550,0,0
30.aug,30,8,50,0,0
30.aug,30,8,150,0,0
30.aug,30,8,250,0,0
30.aug,30,8,350,0,0
30.aug,30,8,450,0,0
30.aug,30,8,550,0,0
01.sep,1,9,50,0,0
01.sep,1,9,150,0,0
01.sep,1,9,250,0,0
01.sep,1,9,350,0,0
01.sep,1,9,450,0,0
01.sep,1,9,550,0,0
02.sep,2,9,50,0,0
02.sep,2,9,150,0,0
02.sep,2,9,250,0,0
02.sep,2,9,350,0,0
02.sep,2,9,450,0,0
02.sep,2,9,550,0,0
03.sep,3,9,50,0,0
03.sep,3,9,150,0,0
03.sep,3,9,250,0,0
03.sep,3,9,350,0,0
03.sep,3,9,450,0,0
03.sep,3,9,550,0,0
04.sep,4,9,50,0,0
04.sep,4,9,150,0,0
04.sep,4,9,250,0,0
04.sep,4,9,350,0,0
04.sep,4,9,450,0,0
04.sep,4,9,550,0,0
05.sep,5,9,50,0,0
05.sep,5,9,150,0,0
05.sep,5,9,250,0,0
05.sep,5,9,350,0,0
05.sep,5,9,450,0,0
05.sep,5,9,550,0,0
06.sep,6,9,50,0,0
06.sep,6,9,150,0,0
06.sep,6,9,250,0,0
06.sep,6,9,350,0,0
06.sep,6,9,450,0,0
06.sep,6,9,550,0,0
07.sep,7,9,50,0,0
07.sep,7,9,150,0,0
07.sep,7,9,250,0,0
07.sep,7,9,350,0,0
07.sep,7,9,450,0,0
07.sep,7,9,550,0,0
08.sep,8,9,50,0,0
08.sep,8,9,150,0,0
08.sep,8,9,250,0,0
08.sep,8,9,350,0,0
08.sep,8,9,450,0,0
08.sep,8,9,550,0,0
09.sep,9,9,50,0,0
09.sep,9,9,150,0,0
09.sep,9,9,250,0,0
09.sep,9,9,350,0,0
09.sep,9,9,450,0,0
09.sep,9,9,550,0,0
10.sep,10,9,50,0,0
10.sep,10,9,150,0,0
10.sep,10,9,250,0,0
10.sep,10,9,350,0,0
10.sep,10,9,450,0,0
10.sep,10,9,550,0,0
11.sep,11,9,50,0,0
11.sep,11,9,150,0,0
11.sep,11,9,250,0,0
11.sep,11,9,350,0,0
11.sep,11,9,450,0,0
11.sep,11,9,550,0,0
12.sep,12,9,50,0,0
12.sep,12,9,150,0,0
12.sep,12,9,250,0,0
12.sep,12,9,350,0,0
12.sep,12,9,450,0,0
12.sep,12,9,550,0,0
13.sep,13,9,50,0,0
13.sep,13,9,150,0,0
13.sep,13,9,250,0,0
13.sep,13,9,350,0,0
13.sep,13,9,450,0,0
13.sep,13,9,550,0,0
14.sep,14,9,50,0,0
14.sep,14,9,150,0,0
14.sep,14,9,250,0,0
14.sep,14,9,350,0,0
14.sep,14,9,450,0,0
14.sep,14,9,550,0,0
15.sep,15,9,50,0,0
15.sep,15,9,150,0,0
15.sep,15,9,250,0,0
15.sep,15,9,350,0,0
15.sep,15,9,450,0,0
15.sep,15,9,550,0,0
16.sep,16,9,50,0,0
16.sep,16,9,150,0,0
16.sep,16,9,250,0,0
16.sep,16,9,350,0,0
16.sep,16,9,450,0,0
16.sep,16,9,550,0,0
17.sep,17,9,50,0,0
17.sep,17,9,150,0,0
17.sep,17,9,250,0,0
17.sep,17,9,350,0,0
17.sep,17,9,450,0,0
17.sep,17,9,550,0,0
18.sep,18,9,50,0,0
18.sep,18,9,150,0,0
18.sep,18,9,250,0,0
18.sep,18,9,350,0,0
18.sep,18,9,450,0,0
18.sep,18,9,550,0,0
19.sep,19,9,50,0,0
19.sep,19,9,150,0,0
19.sep,19,9,250,0,0
19.sep,19,9,350,0,0
19.sep,19,9,450,0,0
19.sep,19,9,550,0,0
20.sep,20,9,50,0,0
20.sep,20,9,150,0,0
20.sep,20,9,250,0,0
20.sep,20,9,350,0,0
20.sep,20,9,450,0,0
20.sep,20,9,550,0,0
21.sep,21,9,50,0,0
21.sep,21,9,150,0,0
21.sep,21,9,250,0,0
21.sep,21,9,350,0,0
21.sep,21,9,450,0,0
21.sep,21,9,550,0,0
22.sep,22,9,50,0,0
22.sep,22,9,150,0,0
22.sep,22,9,250,0,0
22.sep,22,9,350,0,0
22.sep,22,9,450,0,0
22.sep,22,9,550,0,0
23.sep,23,9,50,0,0
23.sep,23,9,150,0,0
23.sep,23,9,250,0,0
23.sep,23,9,350,0,0
23.sep,23,9,450,0,0
23.sep,23,9,550,0,0
24.sep,24,9,50,0,0
24.sep,24,9,150,0,0
24.sep,24,9,250,0,0
24.sep,24,9,350,0,0
24.sep,24,9,450,0,0
24.sep,24,9,550,0,0
25.sep,25,9,50,0,0
25.sep,25,9,150,0,0
25.sep,25,9,250,0,0
25.sep,25,9,350,0,0
25.sep,25,9,450,0,0
25.sep,25,9,550,0,0
26.sep,26,9,50,0,0
26.sep,26,9,150,0,0
26.sep,26,9,250,0,0
26.sep,26,9,350,0,0
26.sep,26,9,450,0,0
26.sep,26,9,550,0,0
27.sep,27,9,50,0,0
27.sep,27,9,150,0,0
27.sep,27,9,250,0,0
27.sep,27,9,350,0,0
27.sep,27,9,450,0,0
27.sep,27,9,550,0,0
28.sep,28,9,50,0,0
28.sep,28,9,150,0,0
28.sep,28,9,250,0,0
28.sep,28,9,350,0,0
28.sep,28,9,450,0,0
28.sep,28,9,550,0,0
29.sep,29,9,50,0,0
29.sep,29,9,150,0,0
29.sep,29,9,250,0,0
29.sep,29,9,350,0,0
29.sep,29,9,450,0,0
29.sep,29,9,550,0,0
30.sep,30,9,50,0,0
30.sep,30,9,150,0,0
30.sep,30,9,250,0,0
30.sep,30,9,350,0,0
30.sep,30,9,450,0,0
30.sep,30,9,550,0,0
01.okt,1,10,50,0,0
01.okt,1,10,150,0,0
01.okt,1,10,250,0,0
01.okt,1,10,350,0,0
01.okt,1,10,450,0,0
01.okt,1,10,550,0,0
02.okt,2,10,50,0,0
02.okt,2,10,150,0,0
02.okt,2,10,250,0,0
02.okt,2,10,350,0,0
02.okt,2,10,450,0,0
02.okt,2,10,550,0,0
03.okt,3,10,50,0,0
03.okt,3,10,150,0,0
03.okt,3,10,250,0,0
03.okt,3,10,350,0,0
03.okt,3,10,450,0,0
03.okt,3,10,550,0,0
04.okt,4,10,50,0,0
04.okt,4,10,150,0,0
04.okt,4,10,250,0,0
04.okt,4,10,350,0,0
04.okt,4,10,450,0,0
04.okt,4,10,550,0,0
05.okt,5,10,50,0,0
05.okt,5,10,150,0,0
05.okt,5,10,250,0,0
05.okt,5,10,350,0,0
05.okt,5,10,450,0,0
05.okt,5,10,550,0,0
06.okt,6,10,50,0,0
06.okt,6,10,150,0,0
06.okt,6,10,250,0,0
06.okt,6,10,350,0,0
06.okt,6,10,450,0,0
06.okt,6,10,550,0,0
07.okt,7,10,50,0,0
07.okt,7,10,150,0,0
07.okt,7,10,250,0,0
07.okt,7,10,350,0,0
07.okt,7,10,450,0,0
07.okt,7,10,550,0,0
08.okt,8,10,50,0,0
08.okt,8,10,150,0,0
08.okt,8,10,250,0,0
08.okt,8,10,350,0,0
08.okt,8,10,450,0,0
08.okt,8,10,550,0,0
09.okt,9,10,50,0,0
09.okt,9,10,150,0,0
09.okt,9,10,250,0,0
09.okt,9,10,350,0,0
09.okt,9,10,450,0,0
09.okt,9,10,550,0,0
10.okt,10,10,50,0,0
10.okt,10,10,150,0,0
10.okt,10,10,250,0,0
10.okt,10,10,350,0,0
10.okt,10,10,450,0,0
10.okt,10,10,550,0,0
11.okt,11,10,50,0,0
11.okt,11,10,150,0,0
11.okt,11,10,250,0,0
11.okt,11,10,350,0,0
11.okt,11,10,450,0,0
11.okt,11,10,550,0,0
12.okt,12,10,50,0,0
12.okt,12,10,150,0,0
12.okt,12,10,250,0,0
12.okt,12,10,350,0,0
12.okt,12,10,450,0,0
12.okt,12,10,550,0,0
13.okt,13,10,50,0,0
13.okt,13,10,150,0,0
13.okt,13,10,250,0,0
13.okt,13,10,350,0,0
13.okt,13,10,450,0,0
13.okt,13,10,550,0,0
14.okt,14,10,50,0,0
14.okt,14,10,150,0,0
14.okt,14,10,250,0,0
14.okt,14,10,350,0,0
14.okt,14,10,450,0,0
14.okt,14,10,550,0,0
15.okt,15,10,50,0,0
15.okt,15,10,150,0,0
15.okt,15,10,250,0,0
15.okt,15,10,350,0,0
15.okt,15,10,450,0,0
15.okt,15,10,550,0,0
16.okt,16,10,50,0,0
16.okt,16,10,150,0,0
16.okt,16,10,250,0,0
16.okt,16,10,350,0,0
16.okt,16,10,450,0,0
16.okt,16,10,550,0,0
17.okt,17,10,50,0,0
17.okt,17,10,150,0,0
17.okt,17,10,250,0,0
17.okt,17,10,350,0,0
17.okt,17,10,450,0,0
17.okt,17,10,550,0,0
18.okt,18,10,50,0,0
18.okt,18,10,150,0,0
18.okt,18,10,250,0,0
18.okt,18,10,350,0,0.034482759
18.okt,18,10,450,0,0.034482759
18.okt,18,10,550,0,0.034482759
19.okt,19,10,50,0,0
19.okt,19,10,150,0,0
19.okt,19,10,250,0,0
19.okt,19,10,350,0,0.034482759
19.okt,19,10,450,0,0.034482759
19.okt,19,10,550,0,0.034482759
20.okt,20,10,50,0,0
20.okt,20,10,150,0,0
20.okt,20,10,250,0,0
20.okt,20,10,350,0,0.034482759
20.okt,20,10,450,0,0.068965517
20.okt,20,10,550,0,0.034482759
21.okt,21,10,50,0,0
21.okt,21,10,150,0,0
21.okt,21,10,250,0,0
21.okt,21,10,350,0,0.034482759
21.okt,21,10,450,0,0.068965517
21.okt,21,10,550,0,0.034482759
22.okt,22,10,50,0,0
22.okt,22,10,150,0,0
22.okt,22,10,250,0,0
22.okt,22,10,350,0,0.034482759
22.okt,22,10,450,0,0.068965517
22.okt,22,10,550,0,0.103448276
23.okt,23,10,50,0,0
23.okt,23,10,150,0,0
23.okt,23,10,250,0,0.034482759
23.okt,23,10,350,0,0.068965517
23.okt,23,10,450,0,0.103448276
23.okt,23,10,550,0,0.103448276
24.okt,24,10,50,0,0
24.okt,24,10,150,0,0
24.okt,24,10,250,0,0.034482759
24.okt,24,10,350,0,0.068965517
24.okt,24,10,450,0,0.068965517
24.okt,24,10,550,0,0.103448276
25.okt,25,10,50,0,0
25.okt,25,10,150,0,0
25.okt,25,10,250,0,0.034482759
25.okt,25,10,350,0,0.068965517
25.okt,25,10,450,0,0.068965517
25.okt,25,10,550,0,0.103448276
26.okt,26,10,50,0,0
26.okt,26,10,150,0,0
26.okt,26,10,250,0,0.034482759
26.okt,26,10,350,0,0.103448276
26.okt,26,10,450,0,0.103448276
26.okt,26,10,550,0,0.103448276
27.okt,27,10,50,0,0
27.okt,27,10,150,0,0
27.okt,27,10,250,0,0.034482759
27.okt,27,10,350,0,0.068965517
27.okt,27,10,450,0,0.068965517
27.okt,27,10,550,0,0.103448276
28.okt,28,10,50,0,0
28.okt,28,10,150,0,0
28.okt,28,10,250,0,0.034482759
28.okt,28,10,350,0,0.068965517
28.okt,28,10,450,0,0.068965517
28.okt,28,10,550,0,0.137931034
29.okt,29,10,50,0,0
29.okt,29,10,150,0,0
29.okt,29,10,250,0,0.034482759
29.okt,29,10,350,0,0.103448276
29.okt,29,10,450,0,0.103448276
29.okt,29,10,550,0,0.103448276
30.okt,30,10,50,0,0
30.okt,30,10,150,0,0
30.okt,30,10,250,0,0.034482759
30.okt,30,10,350,0,0.068965517
30.okt,30,10,450,0,0.103448276
30.okt,30,10,550,0,0.103448276
31.okt,31,10,50,0,0
31.okt,31,10,150,0,0
31.okt,31,10,250,0,0.034482759
31.okt,31,10,350,0,0.103448276
31.okt,31,10,450,0,0.137931034
31.okt,31,10,550,0.083333333,0.103448276
01.nov,1,11,50,0,0
01.nov,1,11,150,0,0
01.nov,1,11,250,0,0.034482759
01.nov,1,11,350,0,0.103448276
01.nov,1,11,450,0,0.172413793
01.nov,1,11,550,0,0.137931034
02.nov,2,11,50,0,0
02.nov,2,11,150,0,0
02.nov,2,11,250,0,0.034482759
02.nov,2,11,350,0.154545455,0.068965517
02.nov,2,11,450,1.324193548,0.137931034
02.nov,2,11,550,0.983333333,0.24137931
03.nov,3,11,50,0,0.034482759
03.nov,3,11,150,0,0.034482759
03.nov,3,11,250,0,0.034482759
03.nov,3,11,350,0.070909091,0.103448276
03.nov,3,11,450,0.156451613,0.137931034
03.nov,3,11,550,0.2,0.137931034
04.nov,4,11,50,0,0.034482759
04.nov,4,11,150,0,0.034482759
04.nov,4,11,250,0.001176471,0.034482759
04.nov,4,11,350,0.048181818,0.103448276
04.nov,4,11,450,0.319354839,0.137931034
04.nov,4,11,550,0.233333333,0.137931034
05.nov,5,11,50,0,0
05.nov,5,11,150,0,0.034482759
05.nov,5,11,250,0,0.034482759
05.nov,5,11,350,0.252727273,0.103448276
05.nov,5,11,450,0.377419355,0.103448276
05.nov,5,11,550,0.5,0.137931034
06.nov,6,11,50,0,0
06.nov,6,11,150,0,0
06.nov,6,11,250,0.002352941,0.034482759
06.nov,6,11,350,0.413636364,0.103448276
06.nov,6,11,450,0.674193548,0.103448276
06.nov,6,11,550,1.366666667,0.103448276
07.nov,7,11,50,0,0
07.nov,7,11,150,0,0
07.nov,7,11,250,0,0.034482759
07.nov,7,11,350,0.961818182,0.137931034
07.nov,7,11,450,1.985483871,0.137931034
07.nov,7,11,550,2.533333333,0.172413793
08.nov,8,11,50,0,0
08.nov,8,11,150,0,0
08.nov,8,11,250,0.010588235,0.034482759
08.nov,8,11,350,0.530909091,0.103448276
08.nov,8,11,450,0.64516129,0.206896552
08.nov,8,11,550,0.75,0.24137931
09.nov,9,11,50,0,0
09.nov,9,11,150,0,0
09.nov,9,11,250,0.092941176,0.034482759
09.nov,9,11,350,0.860909091,0.137931034
09.nov,9,11,450,1.335483871,0.137931034
09.nov,9,11,550,2.133333333,0.206896552
10.nov,10,11,50,0,0
10.nov,10,11,150,0,0
10.nov,10,11,250,0.016470588,0
10.nov,10,11,350,0.332727273,0.172413793
10.nov,10,11,450,1.353225806,0.172413793
10.nov,10,11,550,1.233333333,0.24137931
11.nov,11,11,50,0,0
11.nov,11,11,150,0,0
11.nov,11,11,250,0.029411765,0
11.nov,11,11,350,1.108181818,0.206896552
11.nov,11,11,450,2.187096774,0.206896552
11.nov,11,11,550,3.183333333,0.24137931
12.nov,12,11,50,0,0
12.nov,12,11,150,0,0
12.nov,12,11,250,0.004705882,0
12.nov,12,11,350,1.061818182,0.172413793
12.nov,12,11,450,1.927419355,0.206896552
12.nov,12,11,550,2.4,0.275862069
13.nov,13,11,50,0,0.034482759
13.nov,13,11,150,0,0.034482759
13.nov,13,11,250,0.044705882,0.034482759
13.nov,13,11,350,0.812727273,0.275862069
13.nov,13,11,450,1.866129032,0.310344828
13.nov,13,11,550,3.316666667,0.310344828
14.nov,14,11,50,0,0.034482759
14.nov,14,11,150,0.039849624,0.034482759
14.nov,14,11,250,1.071764706,0.068965517
14.nov,14,11,350,1.435454545,0.310344828
14.nov,14,11,450,3.693548387,0.379310345
14.nov,14,11,550,6.833333333,0.379310345
15.nov,15,11,50,0,0.034482759
15.nov,15,11,150,0.105263158,0.034482759
15.nov,15,11,250,0.291764706,0.103448276
15.nov,15,11,350,1.11,0.310344828
15.nov,15,11,450,3.60483871,0.379310345
15.nov,15,11,550,6.166666667,0.379310345
16.nov,16,11,50,0,0.034482759
16.nov,16,11,150,0.097744361,0.034482759
16.nov,16,11,250,0.231764706,0.068965517
16.nov,16,11,350,1.855454545,0.310344828
16.nov,16,11,450,3.535483871,0.344827586
16.nov,16,11,550,6.2,0.379310345
17.nov,17,11,50,0,0.034482759
17.nov,17,11,150,0.160902256,0.034482759
17.nov,17,11,250,0.756470588,0.068965517
17.nov,17,11,350,2.585454545,0.310344828
17.nov,17,11,450,4.685483871,0.310344828
17.nov,17,11,550,6.533333333,0.310344828
18.nov,18,11,50,0,0.034482759
18.nov,18,11,150,0.021804511,0.068965517
18.nov,18,11,250,1.108235294,0.137931034
18.nov,18,11,350,2.510909091,0.310344828
18.nov,18,11,450,4.906451613,0.344827586
18.nov,18,11,550,6.5,0.344827586
19.nov,19,11,50,0.004,0.034482759
19.nov,19,11,150,0.577443609,0.068965517
19.nov,19,11,250,3.045882353,0.103448276
19.nov,19,11,350,5.997272727,0.344827586
19.nov,19,11,450,7.990322581,0.379310345
19.nov,19,11,550,7.816666667,0.413793103
20.nov,20,11,50,0.018,0.034482759
20.nov,20,11,150,0.587969925,0.068965517
20.nov,20,11,250,1.567058824,0.137931034
20.nov,20,11,350,5.378181818,0.344827586
20.nov,20,11,450,7.059677419,0.379310345
20.nov,20,11,550,7.3,0.413793103
21.nov,21,11,50,0.064,0.034482759
21.nov,21,11,150,0.619548872,0.068965517
21.nov,21,11,250,2.324705882,0.172413793
21.nov,21,11,350,5.223636364,0.379310345
21.nov,21,11,450,6.959677419,0.379310345
21.nov,21,11,550,7.3,0.413793103
22.nov,22,11,50,0.07,0.034482759
22.nov,22,11,150,1.277443609,0.068965517
22.nov,22,11,250,2.657647059,0.275862069
22.nov,22,11,350,5.867272727,0.413793103
22.nov,22,11,450,6.859677419,0.413793103
22.nov,22,11,550,8.133333333,0.448275862
23.nov,23,11,50,0.04,0.034482759
23.nov,23,11,150,0.982706767,0.103448276
23.nov,23,11,250,4.110588235,0.275862069
23.nov,23,11,350,10.1,0.517241379
23.nov,23,11,450,10.73225806,0.551724138
23.nov,23,11,550,11.31666667,0.551724138
24.nov,24,11,50,0.012,0.103448276
24.nov,24,11,150,0.602255639,0.137931034
24.nov,24,11,250,2.844705882,0.275862069
24.nov,24,11,350,8.582727273,0.448275862
24.nov,24,11,450,9.825806452,0.482758621
24.nov,24,11,550,10.86666667,0.551724138
25.nov,25,11,50,0.036,0.137931034
25.nov,25,11,150,0.903759398,0.172413793
25.nov,25,11,250,1.890588235,0.310344828
25.nov,25,11,350,10.25090909,0.517241379
25.nov,25,11,450,12.06774194,0.517241379
25.nov,25,11,550,12.91666667,0.586206897
26.nov,26,11,50,0.03,0.103448276
26.nov,26,11,150,0.430827068,0.137931034
26.nov,26,11,250,1.914117647,0.310344828
26.nov,26,11,350,10.21636364,0.517241379
26.nov,26,11,450,12.29193548,0.517241379
26.nov,26,11,550,12,0.620689655
27.nov,27,11,50,0.064,0.137931034
27.nov,27,11,150,0.45112782,0.172413793
27.nov,27,11,250,1.841176471,0.310344828
27.nov,27,11,350,7.791818182,0.482758621
27.nov,27,11,450,11.8483871,0.517241379
27.nov,27,11,550,11.46666667,0.586206897
28.nov,28,11,50,0.154,0.137931034
28.nov,28,11,150,2.071428571,0.24137931
28.nov,28,11,250,3.884705882,0.344827586
28.nov,28,11,350,8.877272727,0.482758621
28.nov,28,11,450,11.22419355,0.517241379
28.nov,28,11,550,12.46666667,0.620689655
29.nov,29,11,50,0.198,0.137931034
29.nov,29,11,150,2.402255639,0.275862069
29.nov,29,11,250,8.122352941,0.413793103
29.nov,29,11,350,11.83,0.517241379
29.nov,29,11,450,11.85806452,0.551724138
29.nov,29,11,550,14.55,0.620689655
30.nov,30,11,50,0.454,0.137931034
30.nov,30,11,150,3.366917293,0.206896552
30.nov,30,11,250,7.452941176,0.413793103
30.nov,30,11,350,11.37,0.586206897
30.nov,30,11,450,14.84677419,0.586206897
30.nov,30,11,550,17.45,0.655172414
01.des,1,12,50,1.852,0.137931034
01.des,1,12,150,3.853383459,0.206896552
01.des,1,12,250,7.461176471,0.379310345
01.des,1,12,350,12.66181818,0.586206897
01.des,1,12,450,13.19193548,0.620689655
01.des,1,12,550,14.68333333,0.689655172
02.des,2,12,50,1.216,0.172413793
02.des,2,12,150,3.884962406,0.24137931
02.des,2,12,250,9.385882353,0.482758621
02.des,2,12,350,13.56727273,0.655172414
02.des,2,12,450,16.31612903,0.655172414
02.des,2,12,550,17.05,0.689655172
03.des,3,12,50,1.926,0.172413793
03.des,3,12,150,4.409022556,0.24137931
03.des,3,12,250,7.712941176,0.448275862
03.des,3,12,350,13.60818182,0.586206897
03.des,3,12,450,15.99354839,0.620689655
03.des,3,12,550,16.83333333,0.655172414
04.des,4,12,50,0.506,0.172413793
04.des,4,12,150,4.587969925,0.275862069
04.des,4,12,250,8.101176471,0.482758621
04.des,4,12,350,13.94727273,0.586206897
04.des,4,12,450,15.73709677,0.620689655
04.des,4,12,550,18.11666667,0.655172414
05.des,5,12,50,1.774,0.137931034
05.des,5,12,150,4.82481203,0.24137931
05.des,5,12,250,9.203529412,0.482758621
05.des,5,12,350,13.80181818,0.620689655
05.des,5,12,450,15.72741935,0.620689655
05.des,5,12,550,18.81666667,0.655172414
06.des,6,12,50,1.692,0.137931034
06.des,6,12,150,3.618796992,0.24137931
06.des,6,12,250,10.13058824,0.517241379
06.des,6,12,350,14.46272727,0.586206897
06.des,6,12,450,16.55,0.620689655
06.des,6,12,550,19.03333333,0.689655172
07.des,7,12,50,0.598,0.137931034
07.des,7,12,150,3.372932331,0.206896552
07.des,7,12,250,8.937647059,0.482758621
07.des,7,12,350,14.53363636,0.620689655
07.des,7,12,450,17.15,0.655172414
07.des,7,12,550,18.56666667,0.689655172
08.des,8,12,50,1.106,0.172413793
08.des,8,12,150,4.307518797,0.275862069
08.des,8,12,250,10.30705882,0.517241379
08.des,8,12,350,15.83454545,0.620689655
08.des,8,12,450,18.57258065,0.620689655
08.des,8,12,550,20.75,0.689655172
09.des,9,12,50,1.136,0.137931034
09.des,9,12,150,4.837593985,0.24137931
09.des,9,12,250,9.969411765,0.482758621
09.des,9,12,350,16.85454545,0.655172414
09.des,9,12,450,19.91612903,0.689655172
09.des,9,12,550,21.73333333,0.724137931
10.des,10,12,50,1.026,0.172413793
10.des,10,12,150,4.006015038,0.24137931
10.des,10,12,250,9.352941176,0.448275862
10.des,10,12,350,15.64818182,0.689655172
10.des,10,12,450,18.75645161,0.689655172
10.des,10,12,550,21.25,0.724137931
11.des,11,12,50,0.666,0.172413793
11.des,11,12,150,3.280451128,0.275862069
11.des,11,12,250,7.235294118,0.379310345
11.des,11,12,350,14.88,0.620689655
11.des,11,12,450,17.88064516,0.620689655
11.des,11,12,550,20.95,0.689655172
12.des,12,12,50,0.576,0.172413793
12.des,12,12,150,3.327819549,0.275862069
12.des,12,12,250,7.214117647,0.379310345
12.des,12,12,350,16.30454545,0.655172414
12.des,12,12,450,17.76451613,0.655172414
12.des,12,12,550,20.85,0.75862069
13.des,13,12,50,0.848,0.172413793
13.des,13,12,150,2.697744361,0.310344828
13.des,13,12,250,6.975294118,0.413793103
13.des,13,12,350,16.64363636,0.620689655
13.des,13,12,450,17.98225806,0.655172414
13.des,13,12,550,20.48333333,0.793103448
14.des,14,12,50,0.93,0.172413793
14.des,14,12,150,2.806015038,0.310344828
14.des,14,12,250,7.181176471,0.413793103
14.des,14,12,350,15.82272727,0.655172414
14.des,14,12,450,17.86451613,0.724137931
14.des,14,12,550,21.18333333,0.793103448
15.des,15,12,50,1.306,0.206896552
15.des,15,12,150,4.485714286,0.310344828
15.des,15,12,250,9.537647059,0.482758621
15.des,15,12,350,15.58636364,0.689655172
15.des,15,12,450,18.03387097,0.724137931
15.des,15,12,550,21.53333333,0.793103448
16.des,16,12,50,1.02,0.206896552
16.des,16,12,150,4.069172932,0.310344828
16.des,16,12,250,7.618823529,0.482758621
16.des,16,12,350,16.58818182,0.724137931
16.des,16,12,450,19.8516129,0.724137931
16.des,16,12,550,21.96666667,0.793103448
17.des,17,12,50,1.604,0.275862069
17.des,17,12,150,4.85037594,0.275862069
17.des,17,12,250,9.218823529,0.482758621
17.des,17,12,350,17.39,0.724137931
17.des,17,12,450,20.02903226,0.724137931
17.des,17,12,550,22.61666667,0.75862069
18.des,18,12,50,1.594,0.413793103
18.des,18,12,150,5.890225564,0.413793103
18.des,18,12,250,12.11176471,0.551724138
18.des,18,12,350,18.35363636,0.724137931
18.des,18,12,450,20.04677419,0.75862069
18.des,18,12,550,23.1,0.793103448
19.des,19,12,50,2.984,0.379310345
19.des,19,12,150,7.296240602,0.413793103
19.des,19,12,250,11.36705882,0.551724138
19.des,19,12,350,19.60454545,0.724137931
19.des,19,12,450,20.85322581,0.75862069
19.des,19,12,550,25.2,0.75862069
20.des,20,12,50,4.276,0.379310345
20.des,20,12,150,6.390225564,0.448275862
20.des,20,12,250,14.25529412,0.620689655
20.des,20,12,350,22.55727273,0.724137931
20.des,20,12,450,24.72580645,0.75862069
20.des,20,12,550,25.93333333,0.827586207
21.des,21,12,50,4.942,0.344827586
21.des,21,12,150,8.163909774,0.448275862
21.des,21,12,250,13.78470588,0.620689655
21.des,21,12,350,22.45181818,0.75862069
21.des,21,12,450,24.73064516,0.793103448
21.des,21,12,550,25.86666667,0.862068966
22.des,22,12,50,5.426,0.413793103
22.des,22,12,150,9.42481203,0.482758621
22.des,22,12,250,15.12235294,0.620689655
22.des,22,12,350,21.57727273,0.724137931
22.des,22,12,450,24.12741935,0.793103448
22.des,22,12,550,26.66666667,0.896551724
23.des,23,12,50,10.496,0.517241379
23.des,23,12,150,14.77669173,0.517241379
23.des,23,12,250,19.02705882,0.620689655
23.des,23,12,350,23.59272727,0.793103448
23.des,23,12,450,25.15645161,0.862068966
23.des,23,12,550,26.1,0.896551724
24.des,24,12,50,7.67,0.448275862
24.des,24,12,150,10.78421053,0.517241379
24.des,24,12,250,16.38235294,0.655172414
24.des,24,12,350,23.69272727,0.862068966
24.des,24,12,450,25.11774194,0.896551724
24.des,24,12,550,27.93333333,0.896551724
25.des,25,12,50,4.71,0.379310345
25.des,25,12,150,7.553383459,0.482758621
25.des,25,12,250,13.21882353,0.689655172
25.des,25,12,350,24.70818182,0.827586207
25.des,25,12,450,28.5016129,0.896551724
25.des,25,12,550,31.91666667,0.896551724
26.des,26,12,50,5.614,0.310344828
26.des,26,12,150,8.670676692,0.448275862
26.des,26,12,250,13.19294118,0.75862069
26.des,26,12,350,26.21,0.862068966
26.des,26,12,450,28.28387097,0.896551724
26.des,26,12,550,31.36666667,0.896551724
27.des,27,12,50,5.436,0.310344828
27.des,27,12,150,8.331578947,0.413793103
27.des,27,12,250,15.06,0.75862069
27.des,27,12,350,28.21272727,0.896551724
27.des,27,12,450,31.28709677,0.896551724
27.des,27,12,550,32.15,0.896551724
28.des,28,12,50,5.34,0.310344828
28.des,28,12,150,8.627067669,0.379310345
28.des,28,12,250,14.47176471,0.75862069
28.des,28,12,350,25.95636364,0.896551724
28.des,28,12,450,30.81451613,0.896551724
28.des,28,12,550,32.63333333,0.896551724
29.des,29,12,50,5.868,0.344827586
29.des,29,12,150,9.218045113,0.448275862
29.des,29,12,250,17.06823529,0.793103448
29.des,29,12,350,27.35727273,0.931034483
29.des,29,12,450,30.37741935,0.931034483
29.des,29,12,550,33.46666667,0.896551724
30.des,30,12,50,6.738,0.310344828
30.des,30,12,150,10.0887218,0.517241379
30.des,30,12,250,17.26588235,0.75862069
30.des,30,12,350,26.98727273,0.931034483
30.des,30,12,450,29.98709677,0.931034483
30.des,30,12,550,33.18333333,0.931034483
31.des,31,12,50,6.058,0.310344828
31.des,31,12,150,9.572932331,0.448275862
31.des,31,12,250,16.91176471,0.75862069
31.des,31,12,350,27.30909091,0.931034483
31.des,31,12,450,29.93225806,0.931034483
31.des,31,12,550,33.18333333,0.931034483
